ID,ROW_NUMBER,PLANT,STORAGE_LOCATION,MATERIAL_NUMBER,MATERIAL_DESCRIPTION,MATERIAL_TYPE,MATERIAL_CODE,MATERIAL_SIZE,MATERIAL_LABEL,CURRENT_INVENTORY,QUANTITY_SOLD,UNIT,NB_STEPS_AVAILABLE,SIM_ELAPSED_STEPS
.1~273,273,WW,02,WW-F13,1kg Strawberry Muesli,Finished Product,F13,1kg,Strawberry Muesli,0,110000,ST,60,240
.1~70,70,FF,02,FF-F14,1kg Raisin Muesli,Finished Product,F14,1kg,Raisin Muesli,0,142000,ST,36,180
.1~228,228,SS,02,SS-F16,1kg Mixed Fruit Muesli,Finished Product,F16,1kg,Mixed Fruit Muesli,0,136000,ST,97,240
.1~277,277,XX,02,XX-F01,500g Nut Muesli,Finished Product,F01,500g,Nut Muesli,0,622000,ST,186,240
.1~216,216,RR,02,RR-F16,1kg Mixed Fruit Muesli,Finished Product,F16,1kg,Mixed Fruit Muesli,155,620845,ST,121,240
.1~168,168,NN,02,NN-F16,1kg Mixed Fruit Muesli,Finished Product,F16,1kg,Mixed Fruit Muesli,4093,302907,ST,74,240
.1~161,161,NN,02,NN-F05,500g Original Muesli,Finished Product,F05,500g,Original Muesli,0,276000,ST,78,240
.1~250,250,UU,02,UU-F14,1kg Raisin Muesli,Finished Product,F14,1kg,Raisin Muesli,2746,253254,ST,49,240
.1~253,253,VV,02,VV-F01,500g Nut Muesli,Finished Product,F01,500g,Nut Muesli,0,160000,ST,30,240
.1~138,138,LL,02,LL-F06,500g Mixed Fruit Muesli,Finished Product,F06,500g,Mixed Fruit Muesli,0,0,ST,0,180
.1~29,29,CC,02,CC-F05,500g Original Muesli,Finished Product,F05,500g,Original Muesli,0,0,ST,0,180
.1~183,183,PP,02,PP-F03,500g Strawberry Muesli,Finished Product,F03,500g,Strawberry Muesli,0,1208000,ST,176,240
.1~235,235,TT,02,TT-F11,1kg Nut Muesli,Finished Product,F11,1kg,Nut Muesli,0,576000,ST,34,240
.1~39,39,DD,02,DD-F03,500g Strawberry Muesli,Finished Product,F03,500g,Strawberry Muesli,0,62000,ST,50,180
.1~9,9,AA,02,AA-F13,1kg Strawberry Muesli,Finished Product,F13,1kg,Strawberry Muesli,0,110000,ST,44,180
.1~240,240,TT,02,TT-F16,1kg Mixed Fruit Muesli,Finished Product,F16,1kg,Mixed Fruit Muesli,0,171000,ST,31,240
.1~242,242,UU,02,UU-F02,500g Blueberry Muesli,Finished Product,F02,500g,Blueberry Muesli,48000,1564000,ST,135,240
.1~124,124,KK,02,KK-F04,500g Raisin Muesli,Finished Product,F04,500g,Raisin Muesli,0,78000,ST,52,180
.1~264,264,VV,02,VV-F16,1kg Mixed Fruit Muesli,Finished Product,F16,1kg,Mixed Fruit Muesli,516,692484,ST,155,240
.1~237,237,TT,02,TT-F13,1kg Strawberry Muesli,Finished Product,F13,1kg,Strawberry Muesli,0,132000,ST,26,240
.1~202,202,QQ,02,QQ-F14,1kg Raisin Muesli,Finished Product,F14,1kg,Raisin Muesli,34865,320431,ST,134,240
.1~72,72,FF,02,FF-F16,1kg Mixed Fruit Muesli,Finished Product,F16,1kg,Mixed Fruit Muesli,0,0,ST,0,180
.1~47,47,DD,02,DD-F15,1kg Original Muesli,Finished Product,F15,1kg,Original Muesli,0,0,ST,0,180
.1~265,265,WW,02,WW-F01,500g Nut Muesli,Finished Product,F01,500g,Nut Muesli,0,810000,ST,100,240
.1~96,96,HH,02,HH-F16,1kg Mixed Fruit Muesli,Finished Product,F16,1kg,Mixed Fruit Muesli,0,0,ST,0,180
.1~128,128,KK,02,KK-F12,1kg Blueberry Muesli,Finished Product,F12,1kg,Blueberry Muesli,0,78000,ST,29,180
.1~234,234,TT,02,TT-F06,500g Mixed Fruit Muesli,Finished Product,F06,500g,Mixed Fruit Muesli,0,0,ST,0,240
.1~41,41,DD,02,DD-F05,500g Original Muesli,Finished Product,F05,500g,Original Muesli,0,0,ST,0,180
.1~178,178,OO,02,OO-F14,1kg Raisin Muesli,Finished Product,F14,1kg,Raisin Muesli,67682,599318,ST,109,240
.1~207,207,RR,02,RR-F03,500g Strawberry Muesli,Finished Product,F03,500g,Strawberry Muesli,0,768000,ST,143,240
.1~248,248,UU,02,UU-F12,1kg Blueberry Muesli,Finished Product,F12,1kg,Blueberry Muesli,15115,416885,ST,56,240
.1~221,221,SS,02,SS-F05,500g Original Muesli,Finished Product,F05,500g,Original Muesli,0,100000,ST,66,240
.1~225,225,SS,02,SS-F13,1kg Strawberry Muesli,Finished Product,F13,1kg,Strawberry Muesli,7250,1005750,ST,204,240
.1~27,27,CC,02,CC-F03,500g Strawberry Muesli,Finished Product,F03,500g,Strawberry Muesli,0,190000,ST,31,180
.1~170,170,OO,02,OO-F02,500g Blueberry Muesli,Finished Product,F02,500g,Blueberry Muesli,0,441000,ST,71,240
.1~109,109,JJ,02,JJ-F01,500g Nut Muesli,Finished Product,F01,500g,Nut Muesli,0,78000,ST,42,180
.1~139,139,LL,02,LL-F11,1kg Nut Muesli,Finished Product,F11,1kg,Nut Muesli,0,62000,ST,17,180
.1~197,197,QQ,02,QQ-F05,500g Original Muesli,Finished Product,F05,500g,Original Muesli,0,220000,ST,107,240
.1~49,49,EE,02,EE-F01,500g Nut Muesli,Finished Product,F01,500g,Nut Muesli,0,142000,ST,41,180
.1~31,31,CC,02,CC-F11,1kg Nut Muesli,Finished Product,F11,1kg,Nut Muesli,0,158000,ST,46,180
.1~120,120,JJ,02,JJ-F16,1kg Mixed Fruit Muesli,Finished Product,F16,1kg,Mixed Fruit Muesli,0,0,ST,0,180
.1~238,238,TT,02,TT-F14,1kg Raisin Muesli,Finished Product,F14,1kg,Raisin Muesli,0,0,ST,0,240
.1~95,95,HH,02,HH-F15,1kg Original Muesli,Finished Product,F15,1kg,Original Muesli,0,0,ST,0,180
.1~278,278,XX,02,XX-F02,500g Blueberry Muesli,Finished Product,F02,500g,Blueberry Muesli,0,574000,ST,163,240
.1~211,211,RR,02,RR-F11,1kg Nut Muesli,Finished Product,F11,1kg,Nut Muesli,55596,1101404,ST,101,240
.1~52,52,EE,02,EE-F04,500g Raisin Muesli,Finished Product,F04,500g,Raisin Muesli,0,110000,ST,28,180
.1~14,14,BB,02,BB-F02,500g Blueberry Muesli,Finished Product,F02,500g,Blueberry Muesli,0,94000,ST,31,180
.1~172,172,OO,02,OO-F04,500g Raisin Muesli,Finished Product,F04,500g,Raisin Muesli,0,112000,ST,19,240
.1~111,111,JJ,02,JJ-F03,500g Strawberry Muesli,Finished Product,F03,500g,Strawberry Muesli,0,78000,ST,40,180
.1~260,260,VV,02,VV-F12,1kg Blueberry Muesli,Finished Product,F12,1kg,Blueberry Muesli,561,667439,ST,173,240
.1~222,222,SS,02,SS-F06,500g Mixed Fruit Muesli,Finished Product,F06,500g,Mixed Fruit Muesli,0,115000,ST,69,240
.1~229,229,TT,02,TT-F01,500g Nut Muesli,Finished Product,F01,500g,Nut Muesli,0,269000,ST,44,240
.1~206,206,RR,02,RR-F02,500g Blueberry Muesli,Finished Product,F02,500g,Blueberry Muesli,0,1023000,ST,108,240
.1~151,151,MM,02,MM-F11,1kg Nut Muesli,Finished Product,F11,1kg,Nut Muesli,0,533000,ST,157,240
.1~89,89,HH,02,HH-F05,500g Original Muesli,Finished Product,F05,500g,Original Muesli,0,0,ST,0,180
.1~205,205,RR,02,RR-F01,500g Nut Muesli,Finished Product,F01,500g,Nut Muesli,0,512000,ST,133,240
.1~32,32,CC,02,CC-F12,1kg Blueberry Muesli,Finished Product,F12,1kg,Blueberry Muesli,0,206000,ST,45,180
.1~214,214,RR,02,RR-F14,1kg Raisin Muesli,Finished Product,F14,1kg,Raisin Muesli,0,192000,ST,49,240
.1~50,50,EE,02,EE-F02,500g Blueberry Muesli,Finished Product,F02,500g,Blueberry Muesli,0,126000,ST,28,180
.1~15,15,BB,02,BB-F03,500g Strawberry Muesli,Finished Product,F03,500g,Strawberry Muesli,0,94000,ST,25,180
.1~81,81,GG,02,GG-F13,1kg Strawberry Muesli,Finished Product,F13,1kg,Strawberry Muesli,0,94000,ST,23,180
.1~104,104,II,02,II-F12,1kg Blueberry Muesli,Finished Product,F12,1kg,Blueberry Muesli,0,94000,ST,26,180
.1~64,64,FF,02,FF-F04,500g Raisin Muesli,Finished Product,F04,500g,Raisin Muesli,0,94000,ST,38,180
.1~63,63,FF,02,FF-F03,500g Strawberry Muesli,Finished Product,F03,500g,Strawberry Muesli,0,126000,ST,36,180
.1~106,106,II,02,II-F14,1kg Raisin Muesli,Finished Product,F14,1kg,Raisin Muesli,0,94000,ST,21,180
.1~105,105,II,02,II-F13,1kg Strawberry Muesli,Finished Product,F13,1kg,Strawberry Muesli,0,94000,ST,23,180
.1~131,131,KK,02,KK-F15,1kg Original Muesli,Finished Product,F15,1kg,Original Muesli,0,0,ST,0,180
.1~6,6,AA,02,AA-F06,500g Mixed Fruit Muesli,Finished Product,F06,500g,Mixed Fruit Muesli,0,0,ST,0,180
.1~51,51,EE,02,EE-F03,500g Strawberry Muesli,Finished Product,F03,500g,Strawberry Muesli,0,94000,ST,24,180
.1~88,88,HH,02,HH-F04,500g Raisin Muesli,Finished Product,F04,500g,Raisin Muesli,0,94000,ST,22,180
.1~223,223,SS,02,SS-F11,1kg Nut Muesli,Finished Product,F11,1kg,Nut Muesli,22587,1089413,ST,196,240
.1~115,115,JJ,02,JJ-F11,1kg Nut Muesli,Finished Product,F11,1kg,Nut Muesli,0,94000,ST,21,180
.1~184,184,PP,02,PP-F04,500g Raisin Muesli,Finished Product,F04,500g,Raisin Muesli,0,53000,ST,58,240
.1~217,217,SS,02,SS-F01,500g Nut Muesli,Finished Product,F01,500g,Nut Muesli,0,212000,ST,78,240
.1~125,125,KK,02,KK-F05,500g Original Muesli,Finished Product,F05,500g,Original Muesli,0,0,ST,0,180
.1~189,189,PP,02,PP-F13,1kg Strawberry Muesli,Finished Product,F13,1kg,Strawberry Muesli,35227,558773,ST,97,240
.1~271,271,WW,02,WW-F11,1kg Nut Muesli,Finished Product,F11,1kg,Nut Muesli,7054,662946,ST,121,240
.1~275,275,WW,02,WW-F15,1kg Original Muesli,Finished Product,F15,1kg,Original Muesli,0,257000,ST,52,240
.1~140,140,LL,02,LL-F12,1kg Blueberry Muesli,Finished Product,F12,1kg,Blueberry Muesli,0,62000,ST,14,180
.1~37,37,DD,02,DD-F01,500g Nut Muesli,Finished Product,F01,500g,Nut Muesli,0,62000,ST,44,180
.1~244,244,UU,02,UU-F04,500g Raisin Muesli,Finished Product,F04,500g,Raisin Muesli,0,320000,ST,72,240
.1~254,254,VV,02,VV-F02,500g Blueberry Muesli,Finished Product,F02,500g,Blueberry Muesli,0,612000,ST,94,240
.1~10,10,AA,02,AA-F14,1kg Raisin Muesli,Finished Product,F14,1kg,Raisin Muesli,0,94000,ST,43,180
.1~22,22,BB,02,BB-F14,1kg Raisin Muesli,Finished Product,F14,1kg,Raisin Muesli,0,78000,ST,22,180
.1~123,123,KK,02,KK-F03,500g Strawberry Muesli,Finished Product,F03,500g,Strawberry Muesli,0,78000,ST,58,180
.1~61,61,FF,02,FF-F01,500g Nut Muesli,Finished Product,F01,500g,Nut Muesli,0,94000,ST,26,180
.1~145,145,MM,02,MM-F01,500g Nut Muesli,Finished Product,F01,500g,Nut Muesli,0,558000,ST,119,240
.1~91,91,HH,02,HH-F11,1kg Nut Muesli,Finished Product,F11,1kg,Nut Muesli,0,94000,ST,23,180
.1~4,4,AA,02,AA-F04,500g Raisin Muesli,Finished Product,F04,500g,Raisin Muesli,0,78000,ST,51,180
.1~243,243,UU,02,UU-F03,500g Strawberry Muesli,Finished Product,F03,500g,Strawberry Muesli,0,1328000,ST,132,240
.1~44,44,DD,02,DD-F12,1kg Blueberry Muesli,Finished Product,F12,1kg,Blueberry Muesli,0,94000,ST,34,180
.1~220,220,SS,02,SS-F04,500g Raisin Muesli,Finished Product,F04,500g,Raisin Muesli,0,100000,ST,49,240
.1~266,266,WW,02,WW-F02,500g Blueberry Muesli,Finished Product,F02,500g,Blueberry Muesli,0,366000,ST,44,240
.1~212,212,RR,02,RR-F12,1kg Blueberry Muesli,Finished Product,F12,1kg,Blueberry Muesli,28217,926594,ST,141,240
.1~97,97,II,02,II-F01,500g Nut Muesli,Finished Product,F01,500g,Nut Muesli,0,158000,ST,80,180
.1~3,3,AA,02,AA-F03,500g Strawberry Muesli,Finished Product,F03,500g,Strawberry Muesli,0,110000,ST,50,180
.1~43,43,DD,02,DD-F11,1kg Nut Muesli,Finished Product,F11,1kg,Nut Muesli,0,78000,ST,20,180
.1~192,192,PP,02,PP-F16,1kg Mixed Fruit Muesli,Finished Product,F16,1kg,Mixed Fruit Muesli,0,16000,ST,11,240
.1~46,46,DD,02,DD-F14,1kg Raisin Muesli,Finished Product,F14,1kg,Raisin Muesli,0,46000,ST,23,180
.1~42,42,DD,02,DD-F06,500g Mixed Fruit Muesli,Finished Product,F06,500g,Mixed Fruit Muesli,0,0,ST,0,180
.1~93,93,HH,02,HH-F13,1kg Strawberry Muesli,Finished Product,F13,1kg,Strawberry Muesli,0,94000,ST,100,180
.1~82,82,GG,02,GG-F14,1kg Raisin Muesli,Finished Product,F14,1kg,Raisin Muesli,0,94000,ST,26,180
.1~160,160,NN,02,NN-F04,500g Raisin Muesli,Finished Product,F04,500g,Raisin Muesli,10000,401000,ST,101,240
.1~149,149,MM,02,MM-F05,500g Original Muesli,Finished Product,F05,500g,Original Muesli,0,277000,ST,129,240
.1~20,20,BB,02,BB-F12,1kg Blueberry Muesli,Finished Product,F12,1kg,Blueberry Muesli,0,94000,ST,36,180
.1~136,136,LL,02,LL-F04,500g Raisin Muesli,Finished Product,F04,500g,Raisin Muesli,0,62000,ST,24,180
.1~66,66,FF,02,FF-F06,500g Mixed Fruit Muesli,Finished Product,F06,500g,Mixed Fruit Muesli,0,0,ST,0,180
.1~276,276,WW,02,WW-F16,1kg Mixed Fruit Muesli,Finished Product,F16,1kg,Mixed Fruit Muesli,21015,178985,ST,67,240
.1~55,55,EE,02,EE-F11,1kg Nut Muesli,Finished Product,F11,1kg,Nut Muesli,0,94000,ST,13,180
.1~155,155,MM,02,MM-F15,1kg Original Muesli,Finished Product,F15,1kg,Original Muesli,0,284000,ST,100,240
.1~169,169,OO,02,OO-F01,500g Nut Muesli,Finished Product,F01,500g,Nut Muesli,0,185000,ST,47,240
.1~267,267,WW,02,WW-F03,500g Strawberry Muesli,Finished Product,F03,500g,Strawberry Muesli,0,355000,ST,50,240
.1~279,279,XX,02,XX-F03,500g Strawberry Muesli,Finished Product,F03,500g,Strawberry Muesli,0,448000,ST,151,240
.1~201,201,QQ,02,QQ-F13,1kg Strawberry Muesli,Finished Product,F13,1kg,Strawberry Muesli,144,324856,ST,149,240
.1~2,2,AA,02,AA-F02,500g Blueberry Muesli,Finished Product,F02,500g,Blueberry Muesli,0,94000,ST,53,180
.1~247,247,UU,02,UU-F11,1kg Nut Muesli,Finished Product,F11,1kg,Nut Muesli,2204,525796,ST,92,240
.1~90,90,HH,02,HH-F06,500g Mixed Fruit Muesli,Finished Product,F06,500g,Mixed Fruit Muesli,0,0,ST,0,180
.1~231,231,TT,02,TT-F03,500g Strawberry Muesli,Finished Product,F03,500g,Strawberry Muesli,0,1667000,ST,145,240
.1~175,175,OO,02,OO-F11,1kg Nut Muesli,Finished Product,F11,1kg,Nut Muesli,2060,768940,ST,190,240
.1~153,153,MM,02,MM-F13,1kg Strawberry Muesli,Finished Product,F13,1kg,Strawberry Muesli,0,526000,ST,155,240
.1~79,79,GG,02,GG-F11,1kg Nut Muesli,Finished Product,F11,1kg,Nut Muesli,0,94000,ST,13,180
.1~165,165,NN,02,NN-F13,1kg Strawberry Muesli,Finished Product,F13,1kg,Strawberry Muesli,49585,587015,ST,147,240
.1~85,85,HH,02,HH-F01,500g Nut Muesli,Finished Product,F01,500g,Nut Muesli,0,94000,ST,29,180
.1~191,191,PP,02,PP-F15,1kg Original Muesli,Finished Product,F15,1kg,Original Muesli,0,53000,ST,13,240
.1~24,24,BB,02,BB-F16,1kg Mixed Fruit Muesli,Finished Product,F16,1kg,Mixed Fruit Muesli,0,0,ST,0,180
.1~284,284,XX,02,XX-F12,1kg Blueberry Muesli,Finished Product,F12,1kg,Blueberry Muesli,2201,451799,ST,169,240
.1~58,58,EE,02,EE-F14,1kg Raisin Muesli,Finished Product,F14,1kg,Raisin Muesli,0,78000,ST,23,180
.1~268,268,WW,02,WW-F04,500g Raisin Muesli,Finished Product,F04,500g,Raisin Muesli,0,254000,ST,54,240
.1~251,251,UU,02,UU-F15,1kg Original Muesli,Finished Product,F15,1kg,Original Muesli,1200,270800,ST,98,240
.1~245,245,UU,02,UU-F05,500g Original Muesli,Finished Product,F05,500g,Original Muesli,0,701000,ST,140,240
.1~203,203,QQ,02,QQ-F15,1kg Original Muesli,Finished Product,F15,1kg,Original Muesli,32567,224433,ST,150,240
.1~130,130,KK,02,KK-F14,1kg Raisin Muesli,Finished Product,F14,1kg,Raisin Muesli,0,46000,ST,22,180
.1~45,45,DD,02,DD-F13,1kg Strawberry Muesli,Finished Product,F13,1kg,Strawberry Muesli,0,78000,ST,28,180
.1~118,118,JJ,02,JJ-F14,1kg Raisin Muesli,Finished Product,F14,1kg,Raisin Muesli,0,94000,ST,26,180
.1~210,210,RR,02,RR-F06,500g Mixed Fruit Muesli,Finished Product,F06,500g,Mixed Fruit Muesli,0,384000,ST,75,240
.1~102,102,II,02,II-F06,500g Mixed Fruit Muesli,Finished Product,F06,500g,Mixed Fruit Muesli,0,0,ST,0,180
.1~48,48,DD,02,DD-F16,1kg Mixed Fruit Muesli,Finished Product,F16,1kg,Mixed Fruit Muesli,0,0,ST,0,180
.1~23,23,BB,02,BB-F15,1kg Original Muesli,Finished Product,F15,1kg,Original Muesli,0,0,ST,0,180
.1~188,188,PP,02,PP-F12,1kg Blueberry Muesli,Finished Product,F12,1kg,Blueberry Muesli,0,578000,ST,96,240
.1~99,99,II,02,II-F03,500g Strawberry Muesli,Finished Product,F03,500g,Strawberry Muesli,0,158000,ST,53,180
.1~74,74,GG,02,GG-F02,500g Blueberry Muesli,Finished Product,F02,500g,Blueberry Muesli,0,94000,ST,37,180
.1~166,166,NN,02,NN-F14,1kg Raisin Muesli,Finished Product,F14,1kg,Raisin Muesli,1194,536806,ST,102,240
.1~148,148,MM,02,MM-F04,500g Raisin Muesli,Finished Product,F04,500g,Raisin Muesli,14,506986,ST,182,240
.1~180,180,OO,02,OO-F16,1kg Mixed Fruit Muesli,Finished Product,F16,1kg,Mixed Fruit Muesli,37092,938908,ST,125,240
.1~69,69,FF,02,FF-F13,1kg Strawberry Muesli,Finished Product,F13,1kg,Strawberry Muesli,0,206000,ST,34,180
.1~100,100,II,02,II-F04,500g Raisin Muesli,Finished Product,F04,500g,Raisin Muesli,0,110000,ST,49,180
.1~195,195,QQ,02,QQ-F03,500g Strawberry Muesli,Finished Product,F03,500g,Strawberry Muesli,0,452000,ST,121,240
.1~75,75,GG,02,GG-F03,500g Strawberry Muesli,Finished Product,F03,500g,Strawberry Muesli,0,94000,ST,30,180
.1~269,269,WW,02,WW-F05,500g Original Muesli,Finished Product,F05,500g,Original Muesli,0,224000,ST,32,240
.1~156,156,MM,02,MM-F16,1kg Mixed Fruit Muesli,Finished Product,F16,1kg,Mixed Fruit Muesli,31448,519552,ST,72,240
.1~17,17,BB,02,BB-F05,500g Original Muesli,Finished Product,F05,500g,Original Muesli,0,0,ST,0,180
.1~126,126,KK,02,KK-F06,500g Mixed Fruit Muesli,Finished Product,F06,500g,Mixed Fruit Muesli,0,0,ST,0,180
.1~154,154,MM,02,MM-F14,1kg Raisin Muesli,Finished Product,F14,1kg,Raisin Muesli,962,444038,ST,143,240
.1~141,141,LL,02,LL-F13,1kg Strawberry Muesli,Finished Product,F13,1kg,Strawberry Muesli,0,62000,ST,17,180
.1~110,110,JJ,02,JJ-F02,500g Blueberry Muesli,Finished Product,F02,500g,Blueberry Muesli,0,94000,ST,51,180
.1~215,215,RR,02,RR-F15,1kg Original Muesli,Finished Product,F15,1kg,Original Muesli,0,96000,ST,16,240
.1~186,186,PP,02,PP-F06,500g Mixed Fruit Muesli,Finished Product,F06,500g,Mixed Fruit Muesli,0,60000,ST,35,240
.1~288,288,XX,02,XX-F16,1kg Mixed Fruit Muesli,Finished Product,F16,1kg,Mixed Fruit Muesli,0,240000,ST,55,240
.1~152,152,MM,02,MM-F12,1kg Blueberry Muesli,Finished Product,F12,1kg,Blueberry Muesli,0,536000,ST,138,240
.1~280,280,XX,02,XX-F04,500g Raisin Muesli,Finished Product,F04,500g,Raisin Muesli,0,224000,ST,140,240
.1~68,68,FF,02,FF-F12,1kg Blueberry Muesli,Finished Product,F12,1kg,Blueberry Muesli,0,174000,ST,40,180
.1~19,19,BB,02,BB-F11,1kg Nut Muesli,Finished Product,F11,1kg,Nut Muesli,0,94000,ST,20,180
.1~38,38,DD,02,DD-F02,500g Blueberry Muesli,Finished Product,F02,500g,Blueberry Muesli,0,62000,ST,42,180
.1~60,60,EE,02,EE-F16,1kg Mixed Fruit Muesli,Finished Product,F16,1kg,Mixed Fruit Muesli,0,0,ST,0,180
.1~204,204,QQ,02,QQ-F16,1kg Mixed Fruit Muesli,Finished Product,F16,1kg,Mixed Fruit Muesli,0,324000,ST,69,240
.1~263,263,VV,02,VV-F15,1kg Original Muesli,Finished Product,F15,1kg,Original Muesli,0,32000,ST,4,240
.1~257,257,VV,02,VV-F05,500g Original Muesli,Finished Product,F05,500g,Original Muesli,0,32000,ST,3,240
.1~262,262,VV,02,VV-F14,1kg Raisin Muesli,Finished Product,F14,1kg,Raisin Muesli,62295,525705,ST,124,240
.1~59,59,EE,02,EE-F15,1kg Original Muesli,Finished Product,F15,1kg,Original Muesli,0,0,ST,0,180
.1~84,84,GG,02,GG-F16,1kg Mixed Fruit Muesli,Finished Product,F16,1kg,Mixed Fruit Muesli,0,0,ST,0,180
.1~199,199,QQ,02,QQ-F11,1kg Nut Muesli,Finished Product,F11,1kg,Nut Muesli,0,325000,ST,129,240
.1~213,213,RR,02,RR-F13,1kg Strawberry Muesli,Finished Product,F13,1kg,Strawberry Muesli,8895,770105,ST,167,240
.1~25,25,CC,02,CC-F01,500g Nut Muesli,Finished Product,F01,500g,Nut Muesli,0,190000,ST,32,180
.1~26,26,CC,02,CC-F02,500g Blueberry Muesli,Finished Product,F02,500g,Blueberry Muesli,0,126000,ST,41,180
.1~94,94,HH,02,HH-F14,1kg Raisin Muesli,Finished Product,F14,1kg,Raisin Muesli,0,94000,ST,18,180
.1~147,147,MM,02,MM-F03,500g Strawberry Muesli,Finished Product,F03,500g,Strawberry Muesli,0,732000,ST,142,240
.1~258,258,VV,02,VV-F06,500g Mixed Fruit Muesli,Finished Product,F06,500g,Mixed Fruit Muesli,0,788000,ST,108,240
.1~33,33,CC,02,CC-F13,1kg Strawberry Muesli,Finished Product,F13,1kg,Strawberry Muesli,0,158000,ST,35,180
.1~232,232,TT,02,TT-F04,500g Raisin Muesli,Finished Product,F04,500g,Raisin Muesli,0,48000,ST,4,240
.1~142,142,LL,02,LL-F14,1kg Raisin Muesli,Finished Product,F14,1kg,Raisin Muesli,0,62000,ST,17,180
.1~53,53,EE,02,EE-F05,500g Original Muesli,Finished Product,F05,500g,Original Muesli,0,0,ST,0,180
.1~83,83,GG,02,GG-F15,1kg Original Muesli,Finished Product,F15,1kg,Original Muesli,0,0,ST,0,180
.1~108,108,II,02,II-F16,1kg Mixed Fruit Muesli,Finished Product,F16,1kg,Mixed Fruit Muesli,0,0,ST,0,180
.1~174,174,OO,02,OO-F06,500g Mixed Fruit Muesli,Finished Product,F06,500g,Mixed Fruit Muesli,0,240000,ST,26,240
.1~76,76,GG,02,GG-F04,500g Raisin Muesli,Finished Product,F04,500g,Raisin Muesli,0,62000,ST,36,180
.1~219,219,SS,02,SS-F03,500g Strawberry Muesli,Finished Product,F03,500g,Strawberry Muesli,0,148000,ST,62,240
.1~194,194,QQ,02,QQ-F02,500g Blueberry Muesli,Finished Product,F02,500g,Blueberry Muesli,0,431000,ST,138,240
.1~127,127,KK,02,KK-F11,1kg Nut Muesli,Finished Product,F11,1kg,Nut Muesli,0,78000,ST,24,180
.1~159,159,NN,02,NN-F03,500g Strawberry Muesli,Finished Product,F03,500g,Strawberry Muesli,5000,556000,ST,100,240
.1~77,77,GG,02,GG-F05,500g Original Muesli,Finished Product,F05,500g,Original Muesli,0,0,ST,0,180
.1~132,132,KK,02,KK-F16,1kg Mixed Fruit Muesli,Finished Product,F16,1kg,Mixed Fruit Muesli,0,0,ST,0,180
.1~107,107,II,02,II-F15,1kg Original Muesli,Finished Product,F15,1kg,Original Muesli,0,0,ST,0,180
.1~259,259,VV,02,VV-F11,1kg Nut Muesli,Finished Product,F11,1kg,Nut Muesli,5837,785163,ST,156,240
.1~163,163,NN,02,NN-F11,1kg Nut Muesli,Finished Product,F11,1kg,Nut Muesli,6214,416786,ST,87,240
.1~182,182,PP,02,PP-F02,500g Blueberry Muesli,Finished Product,F02,500g,Blueberry Muesli,0,767000,ST,125,240
.1~190,190,PP,02,PP-F14,1kg Raisin Muesli,Finished Product,F14,1kg,Raisin Muesli,0,53000,ST,11,240
.1~150,150,MM,02,MM-F06,500g Mixed Fruit Muesli,Finished Product,F06,500g,Mixed Fruit Muesli,0,576000,ST,102,240
.1~285,285,XX,02,XX-F13,1kg Strawberry Muesli,Finished Product,F13,1kg,Strawberry Muesli,4273,438727,ST,152,240
.1~34,34,CC,02,CC-F14,1kg Raisin Muesli,Finished Product,F14,1kg,Raisin Muesli,0,94000,ST,24,180
.1~101,101,II,02,II-F05,500g Original Muesli,Finished Product,F05,500g,Original Muesli,0,0,ST,0,180
.1~179,179,OO,02,OO-F15,1kg Original Muesli,Finished Product,F15,1kg,Original Muesli,0,0,ST,0,240
.1~13,13,BB,02,BB-F01,500g Nut Muesli,Finished Product,F01,500g,Nut Muesli,0,78000,ST,50,180
.1~134,134,LL,02,LL-F02,500g Blueberry Muesli,Finished Product,F02,500g,Blueberry Muesli,0,94000,ST,39,180
.1~283,283,XX,02,XX-F11,1kg Nut Muesli,Finished Product,F11,1kg,Nut Muesli,2354,543646,ST,152,240
.1~171,171,OO,02,OO-F03,500g Strawberry Muesli,Finished Product,F03,500g,Strawberry Muesli,0,515000,ST,84,240
.1~92,92,HH,02,HH-F12,1kg Blueberry Muesli,Finished Product,F12,1kg,Blueberry Muesli,0,62000,ST,15,180
.1~144,144,LL,02,LL-F16,1kg Mixed Fruit Muesli,Finished Product,F16,1kg,Mixed Fruit Muesli,0,0,ST,0,180
.1~119,119,JJ,02,JJ-F15,1kg Original Muesli,Finished Product,F15,1kg,Original Muesli,0,0,ST,0,180
.1~198,198,QQ,02,QQ-F06,500g Mixed Fruit Muesli,Finished Product,F06,500g,Mixed Fruit Muesli,9839,305161,ST,141,240
.1~98,98,II,02,II-F02,500g Blueberry Muesli,Finished Product,F02,500g,Blueberry Muesli,0,174000,ST,60,180
.1~122,122,KK,02,KK-F02,500g Blueberry Muesli,Finished Product,F02,500g,Blueberry Muesli,0,78000,ST,49,180
.1~28,28,CC,02,CC-F04,500g Raisin Muesli,Finished Product,F04,500g,Raisin Muesli,0,126000,ST,39,180
.1~233,233,TT,02,TT-F05,500g Original Muesli,Finished Product,F05,500g,Original Muesli,0,64000,ST,8,240
.1~261,261,VV,02,VV-F13,1kg Strawberry Muesli,Finished Product,F13,1kg,Strawberry Muesli,0,32000,ST,2,240
.1~249,249,UU,02,UU-F13,1kg Strawberry Muesli,Finished Product,F13,1kg,Strawberry Muesli,41092,294908,ST,59,240
.1~287,287,XX,02,XX-F15,1kg Original Muesli,Finished Product,F15,1kg,Original Muesli,5631,226369,ST,110,240
.1~57,57,EE,02,EE-F13,1kg Strawberry Muesli,Finished Product,F13,1kg,Strawberry Muesli,0,94000,ST,56,180
.1~112,112,JJ,02,JJ-F04,500g Raisin Muesli,Finished Product,F04,500g,Raisin Muesli,0,94000,ST,35,180
.1~236,236,TT,02,TT-F12,1kg Blueberry Muesli,Finished Product,F12,1kg,Blueberry Muesli,0,243000,ST,24,240
.1~200,200,QQ,02,QQ-F12,1kg Blueberry Muesli,Finished Product,F12,1kg,Blueberry Muesli,19926,367074,ST,163,240
.1~272,272,WW,02,WW-F12,1kg Blueberry Muesli,Finished Product,F12,1kg,Blueberry Muesli,0,144000,ST,49,240
.1~143,143,LL,02,LL-F15,1kg Original Muesli,Finished Product,F15,1kg,Original Muesli,0,0,ST,0,180
.1~18,18,BB,02,BB-F06,500g Mixed Fruit Muesli,Finished Product,F06,500g,Mixed Fruit Muesli,0,0,ST,0,180
.1~113,113,JJ,02,JJ-F05,500g Original Muesli,Finished Product,F05,500g,Original Muesli,0,0,ST,0,180
.1~208,208,RR,02,RR-F04,500g Raisin Muesli,Finished Product,F04,500g,Raisin Muesli,0,48000,ST,10,240
.1~103,103,II,02,II-F11,1kg Nut Muesli,Finished Product,F11,1kg,Nut Muesli,0,94000,ST,22,180
.1~16,16,BB,02,BB-F04,500g Raisin Muesli,Finished Product,F04,500g,Raisin Muesli,0,78000,ST,50,180
.1~73,73,GG,02,GG-F01,500g Nut Muesli,Finished Product,F01,500g,Nut Muesli,24152,69848,ST,140,180
.1~227,227,SS,02,SS-F15,1kg Original Muesli,Finished Product,F15,1kg,Original Muesli,0,334000,ST,136,240
.1~246,246,UU,02,UU-F06,500g Mixed Fruit Muesli,Finished Product,F06,500g,Mixed Fruit Muesli,0,224000,ST,150,240
.1~137,137,LL,02,LL-F05,500g Original Muesli,Finished Product,F05,500g,Original Muesli,0,0,ST,0,180
.1~187,187,PP,02,PP-F11,1kg Nut Muesli,Finished Product,F11,1kg,Nut Muesli,19998,1035000,ST,147,240
.1~167,167,NN,02,NN-F15,1kg Original Muesli,Finished Product,F15,1kg,Original Muesli,2363,245637,ST,110,240
.1~256,256,VV,02,VV-F04,500g Raisin Muesli,Finished Product,F04,500g,Raisin Muesli,0,618000,ST,88,240
.1~40,40,DD,02,DD-F04,500g Raisin Muesli,Finished Product,F04,500g,Raisin Muesli,0,30000,ST,16,180
.1~270,270,WW,02,WW-F06,500g Mixed Fruit Muesli,Finished Product,F06,500g,Mixed Fruit Muesli,0,289000,ST,42,240
.1~255,255,VV,02,VV-F03,500g Strawberry Muesli,Finished Product,F03,500g,Strawberry Muesli,0,32000,ST,2,240
.1~241,241,UU,02,UU-F01,500g Nut Muesli,Finished Product,F01,500g,Nut Muesli,0,1432000,ST,139,240
.1~164,164,NN,02,NN-F12,1kg Blueberry Muesli,Finished Product,F12,1kg,Blueberry Muesli,22706,711294,ST,174,240
.1~173,173,OO,02,OO-F05,500g Original Muesli,Finished Product,F05,500g,Original Muesli,0,120000,ST,27,240
.1~117,117,JJ,02,JJ-F13,1kg Strawberry Muesli,Finished Product,F13,1kg,Strawberry Muesli,0,94000,ST,25,180
.1~30,30,CC,02,CC-F06,500g Mixed Fruit Muesli,Finished Product,F06,500g,Mixed Fruit Muesli,0,0,ST,0,180
.1~226,226,SS,02,SS-F14,1kg Raisin Muesli,Finished Product,F14,1kg,Raisin Muesli,7469,982531,ST,152,240
.1~176,176,OO,02,OO-F12,1kg Blueberry Muesli,Finished Product,F12,1kg,Blueberry Muesli,0,508000,ST,138,240
.1~282,282,XX,02,XX-F06,500g Mixed Fruit Muesli,Finished Product,F06,500g,Mixed Fruit Muesli,0,295000,ST,100,240
.1~56,56,EE,02,EE-F12,1kg Blueberry Muesli,Finished Product,F12,1kg,Blueberry Muesli,0,94000,ST,18,180
.1~281,281,XX,02,XX-F05,500g Original Muesli,Finished Product,F05,500g,Original Muesli,0,252000,ST,106,240
.1~7,7,AA,02,AA-F11,1kg Nut Muesli,Finished Product,F11,1kg,Nut Muesli,0,94000,ST,15,180
.1~135,135,LL,02,LL-F03,500g Strawberry Muesli,Finished Product,F03,500g,Strawberry Muesli,0,62000,ST,24,180
.1~1,1,AA,02,AA-F01,500g Nut Muesli,Finished Product,F01,500g,Nut Muesli,0,94000,ST,46,180
.1~239,239,TT,02,TT-F15,1kg Original Muesli,Finished Product,F15,1kg,Original Muesli,0,16000,ST,7,240
.1~158,158,NN,02,NN-F02,500g Blueberry Muesli,Finished Product,F02,500g,Blueberry Muesli,3668,567932,ST,139,240
.1~116,116,JJ,02,JJ-F12,1kg Blueberry Muesli,Finished Product,F12,1kg,Blueberry Muesli,0,94000,ST,30,180
.1~54,54,EE,02,EE-F06,500g Mixed Fruit Muesli,Finished Product,F06,500g,Mixed Fruit Muesli,0,0,ST,0,180
.1~274,274,WW,02,WW-F14,1kg Raisin Muesli,Finished Product,F14,1kg,Raisin Muesli,7232,418768,ST,69,240
.1~65,65,FF,02,FF-F05,500g Original Muesli,Finished Product,F05,500g,Original Muesli,0,32000,ST,5,180
.1~121,121,KK,02,KK-F01,500g Nut Muesli,Finished Product,F01,500g,Nut Muesli,0,62000,ST,27,180
.1~252,252,UU,02,UU-F16,1kg Mixed Fruit Muesli,Finished Product,F16,1kg,Mixed Fruit Muesli,0,96000,ST,40,240
.1~80,80,GG,02,GG-F12,1kg Blueberry Muesli,Finished Product,F12,1kg,Blueberry Muesli,1669,92331,ST,141,180
.1~133,133,LL,02,LL-F01,500g Nut Muesli,Finished Product,F01,500g,Nut Muesli,0,126000,ST,52,180
.1~78,78,GG,02,GG-F06,500g Mixed Fruit Muesli,Finished Product,F06,500g,Mixed Fruit Muesli,0,0,ST,0,180
.1~146,146,MM,02,MM-F02,500g Blueberry Muesli,Finished Product,F02,500g,Blueberry Muesli,0,879000,ST,164,240
.1~157,157,NN,02,NN-F01,500g Nut Muesli,Finished Product,F01,500g,Nut Muesli,0,466000,ST,119,240
.1~67,67,FF,02,FF-F11,1kg Nut Muesli,Finished Product,F11,1kg,Nut Muesli,0,126000,ST,12,180
.1~181,181,PP,02,PP-F01,500g Nut Muesli,Finished Product,F01,500g,Nut Muesli,0,89000,ST,53,240
.1~86,86,HH,02,HH-F02,500g Blueberry Muesli,Finished Product,F02,500g,Blueberry Muesli,0,62000,ST,22,180
.1~87,87,HH,02,HH-F03,500g Strawberry Muesli,Finished Product,F03,500g,Strawberry Muesli,0,62000,ST,15,180
.1~224,224,SS,02,SS-F12,1kg Blueberry Muesli,Finished Product,F12,1kg,Blueberry Muesli,16216,1276784,ST,177,240
.1~8,8,AA,02,AA-F12,1kg Blueberry Muesli,Finished Product,F12,1kg,Blueberry Muesli,0,110000,ST,44,180
.1~218,218,SS,02,SS-F02,500g Blueberry Muesli,Finished Product,F02,500g,Blueberry Muesli,0,226000,ST,84,240
.1~12,12,AA,02,AA-F16,1kg Mixed Fruit Muesli,Finished Product,F16,1kg,Mixed Fruit Muesli,0,0,ST,0,180
.1~196,196,QQ,02,QQ-F04,500g Raisin Muesli,Finished Product,F04,500g,Raisin Muesli,0,352000,ST,121,240
.1~129,129,KK,02,KK-F13,1kg Strawberry Muesli,Finished Product,F13,1kg,Strawberry Muesli,0,78000,ST,21,180
.1~286,286,XX,02,XX-F14,1kg Raisin Muesli,Finished Product,F14,1kg,Raisin Muesli,0,354000,ST,154,240
.1~62,62,FF,02,FF-F02,500g Blueberry Muesli,Finished Product,F02,500g,Blueberry Muesli,0,126000,ST,35,180
.1~36,36,CC,02,CC-F16,1kg Mixed Fruit Muesli,Finished Product,F16,1kg,Mixed Fruit Muesli,0,0,ST,0,180
.1~11,11,AA,02,AA-F15,1kg Original Muesli,Finished Product,F15,1kg,Original Muesli,0,0,ST,0,180
.1~177,177,OO,02,OO-F13,1kg Strawberry Muesli,Finished Product,F13,1kg,Strawberry Muesli,870,537130,ST,94,240
.1~162,162,NN,02,NN-F06,500g Mixed Fruit Muesli,Finished Product,F06,500g,Mixed Fruit Muesli,0,269000,ST,56,240
.1~193,193,QQ,02,QQ-F01,500g Nut Muesli,Finished Product,F01,500g,Nut Muesli,0,419000,ST,126,240
.1~209,209,RR,02,RR-F05,500g Original Muesli,Finished Product,F05,500g,Original Muesli,0,48000,ST,10,240
.1~21,21,BB,02,BB-F13,1kg Strawberry Muesli,Finished Product,F13,1kg,Strawberry Muesli,0,94000,ST,21,180
.1~71,71,FF,02,FF-F15,1kg Original Muesli,Finished Product,F15,1kg,Original Muesli,0,64000,ST,8,180
.1~230,230,TT,02,TT-F02,500g Blueberry Muesli,Finished Product,F02,500g,Blueberry Muesli,0,2386000,ST,134,240
.1~185,185,PP,02,PP-F05,500g Original Muesli,Finished Product,F05,500g,Original Muesli,0,37000,ST,51,240
.1~35,35,CC,02,CC-F15,1kg Original Muesli,Finished Product,F15,1kg,Original Muesli,0,0,ST,0,180
.1~5,5,AA,02,AA-F05,500g Original Muesli,Finished Product,F05,500g,Original Muesli,0,0,ST,0,180
.1~114,114,JJ,02,JJ-F06,500g Mixed Fruit Muesli,Finished Product,F06,500g,Mixed Fruit Muesli,0,0,ST,0,180
